num_units,equip_fail,trainee,prod_steps,sleep_hrs,shift_hrs,manuf_lead,idnum
7.3520711338,1,0,7.150408859,8.0120214427,4.3198318333,21.281721419,1
7.226057534,1,1,8.8818565589,7.7594597793,4.7019132611,21.82508986,2
8.0252833527,1,0,7.3281100154,7.321337578,4.1370119202,19.058864764,3
7.869840425,1,0,6.2162743693,6.893957596,5.7057802626,22.311196116,4
8.1681885434,1,1,6.2223445987,6.5888170515,3.4228165991,15.656583867,5
6.9462908888,0,1,6.4805947897,6.7809694128,3.9346451439,19.380118986,6
5.9782077454,1,1,6.7495095422,6.801758509,6.3657980933,30.093646413,7
5.4788773937,0,1,5.6237389754,6.0355880581,5.7266880057,27.421618477,8
7.8292010616,0,0,4.3854545133,6.6448392549,5.4968803175,19.173786767,9
4.5329936181,0,1,6.5255163831,7.8700742987,3.5564633645,26.663153959,10
8.9077653662,1,0,5.3285191428,7.4617769256,4.8944944608,18.740481165,11
6.7076860065,0,1,6.1748064959,5.4049346906,4.3566921476,23.035893391,12
8.6041706497,1,0,7.182198356,5.2662125839,2.4198651656,14.47351859,13
6.7751046673,1,0,5.7259977492,7.7580607838,4.1821799151,20.97399409,14
7.5834145382,0,0,6.0496218752,8.9159328143,4.4438416063,18.740285633,15
7.1889688587,0,1,8.607347254,6.5096837441,4.5462583599,20.409530038,16
6.7183222622,0,1,6.073837968,5.7950452817,3.6810798596,20.305523516,17
5.771223809,0,0,6.9935948354,9.2118875441,3.3745259982,23.251368405,18
8.5461050461,0,0,7.1844275328,6.910333329,3.6565984954,15.05597498,19
5.9712959969,1,0,5.9361844034,7.3306720146,5.4038859419,27.744012572,20
6.6916793678,1,0,8.0121158024,6.835517369,2.2717676909,21.363994991,21
7.3922493072,0,1,5.0328513326,6.7832374821,2.9045656591,17.479156376,22
6.6402393846,0,1,7.2895758426,7.7285637674,4.359411914,23.783817857,23
8.9390870159,0,1,5.7364876472,7.9890042293,5.1197811873,17.83774581,24
9.9971770688,1,1,7.125141564,8.0161812563,5.7563910398,15.853744169,25
7.5700155847,0,1,6.71392137,5.9595981629,3.7703777633,18.149271829,26
6.8045187384,0,1,7.0752759633,6.9309683313,5.5399974754,25.826673313,27
6.0465962539,0,1,6.2376559628,6.2771089242,3.3736729016,20.669654349,28
7.3681992966,0,1,7.452647645,7.9921930391,3.1472307511,17.328046208,29
7.3360386693,0,0,6.8422099214,8.252461211,3.6072290202,19.98040539,30
6.9247760447,1,1,5.746694748,5.3655220445,2.9105194553,18.532963567,31
6.2378411139,0,1,8.0296006751,6.5574918602,3.6831353537,19.788998747,32
6.6131541178,0,1,5.6634313191,9.2425844069,4.5585576767,23.425861958,33
7.7008494556,0,0,7.7973336107,7.8157187515,4.1744844379,19.851467164,34
8.5636556176,1,1,9.8631434321,6.8429936446,4.0743942701,18.210639759,35
5.8763524584,0,0,6.3937540717,7.8375639633,5.4602784403,28.205654786,36
5.7916740889,1,1,7.5789148924,7.4623258146,4.5969013079,26.318456059,37
7.4963901967,0,0,7.0000633507,6.8718430979,4.2100080127,21.339256238,38
7.4028505404,0,1,6.8293480129,6.3970528445,4.6357009437,18.770774012,39
6.5424633525,0,1,8.0634523208,6.5365041336,5.0994104616,23.747215335,40
7.7572772861,0,0,5.4645293733,6.205636583,4.0368914618,17.814246012,41
8.6870313419,1,0,6.0056826179,6.9917262363,4.4264458366,16.43049947,42
7.9041047559,1,0,8.0558143586,8.370394236,4.2786633509,18.797921054,43
6.9625026485,1,1,7.684785702,8.1297159056,2.4512997016,18.237938655,44
4.4168488747,1,1,5.8858151172,7.9027548514,5.8793874731,33.021211153,45
5.3688086586,0,1,7.2262576647,8.5608634163,3.6826129759,25.131692264,46
6.7928404118,1,0,6.0310799784,6.0369074902,3.6352947183,21.811840509,47
4.7521565086,1,1,7.802058292,5.4651480512,4.636119752,29.494707734,48
6.6834038495,0,0,6.2340402272,6.3803551559,4.2787327252,22.026357791,49
6.7095922892,1,1,5.8044035618,6.7067047953,5.5124091756,26.517425308,50
6.4444887301,0,1,8.154838608,7.2497606754,4.8800774927,25.42130452,51
6.7255977717,0,0,7.0202131125,8.4204451337,4.8194677607,24.195982128,52
9.1531582703,1,1,6.9466852478,6.8025614112,3.673267895,13.891412541,53
5.7027507061,0,1,5.8415029647,5.7284220751,5.4865414513,28.224668155,54
9.3608586144,1,0,7.8269840592,7.9986553179,5.661627936,17.132322643,55
7.8962182951,1,0,9.499637612,9.4226735616,4.3005292951,19.24471357,56
9.3545455709,0,0,7.1940835919,7.0740142048,4.3747691885,14.421334797,57
7.8826190789,0,0,7.4508839338,6.4788293209,4.400617666,18.647205094,58
6.2476478502,1,1,8.2196923387,5.7436670699,4.8339005637,25.374171399,59
7.575608252,1,0,7.1983492909,6.3821981665,4.6321737167,19.918735618,60
6.2631019372,0,1,6.5886633411,6.588839169,3.4248446505,20.302262479,61
6.62993693,0,1,6.8601743135,6.6096859628,4.4548700156,21.810178238,62
9.2352688546,1,1,7.5257276103,5.7523053909,4.2555699319,14.650916643,63
6.1903932125,1,0,6.7438645805,6.6113886377,3.8393313507,23.006959757,64
7.0500532033,1,1,6.2940348517,7.0471164062,3.7590243784,22.015094736,65
6.0139400134,0,0,7.8792805592,7.7809235188,4.6120646259,23.506434727,66
6.5901849707,0,1,8.7653632707,6.7894203715,4.5200253304,23.371775271,67
6.8364230505,0,1,6.9499840553,6.8147706221,4.5227150004,20.87135808,68
6.7414457239,0,0,8.2669609914,6.591381903,3.9942045419,20.605505859,69
6.718333794,0,1,6.6114394716,7.6211796462,5.4173564843,24.380555268,70
4.636200074,0,0,8.5307943575,6.4153567133,5.6236100737,29.860727357,71
4.9664671001,0,0,6.1102547984,6.8399218296,3.7397674779,27.176465899,72
7.892688367,1,0,7.9621096548,7.470792432,3.1905893063,18.374568052,73
6.5815149137,0,1,7.8506624064,8.4464779249,3.8779241571,20.836256524,74
6.2496813286,0,1,6.450746837,7.2467211177,4.6068450135,22.858822948,75
6.42172209,1,0,7.5669330172,8.5366361484,2.6279982725,23.087771938,76
6.7684555046,1,0,8.2172095346,5.4266913425,5.2300968503,24.624436673,77
7.1788398005,0,0,7.7829562504,8.808919985,3.4623300833,17.254115764,78
8.6297216465,0,0,7.7070067801,6.5529796874,4.2067751891,14.872414108,79
8.3255918446,1,0,4.6670145866,7.2490482539,4.6250998788,17.709286136,80
5.9449103266,0,1,7.6424841121,4.9323691736,4.3587619443,24.885635464,81
7.1229814389,1,1,7.8403285048,6.1893603452,3.9415625854,21.140698558,82
6.9215139345,0,0,8.7613829016,6.5191987161,2.5765233909,17.439072602,83
6.1167672809,0,0,7.8648782145,6.36545942,5.8617353678,27.151578322,84
8.0073703788,0,0,6.4333435926,5.524220525,5.4025382318,21.574398845,85
8.1253512846,0,0,7.3697156497,6.4351667657,3.9563413234,17.579998721,86
5.43871034,1,0,7.2983217798,9.0260992663,4.9160100892,27.892670217,87
5.5612141881,0,0,7.3261588206,6.2571803318,6.1881141148,28.142846724,88
6.8204931458,1,1,7.6108680667,7.1510089181,5.2102741686,24.947593926,89
7.8431477594,1,0,7.9956301274,6.3038882933,4.2665147722,18.460320442,90
8.0265440198,0,0,6.3949957292,6.5403046856,3.1013194295,15.313954858,91
5.0531287552,0,1,6.1498044229,5.787036428,5.2611214188,27.41930672,92
6.4348476694,0,1,5.0014632873,8.2477753286,4.6856510918,24.365870024,93
7.4162100088,1,0,7.4625832507,7.909276088,5.7794379234,25.522778285,94
6.4787747959,0,1,6.3904030132,6.9017934676,4.0746292359,19.953100407,95
5.1856304854,1,0,6.8733847667,5.6969261873,4.3583716478,26.729674599,96
6.3938219951,0,1,5.1548915738,6.9327406781,5.665217704,26.588734416,97
6.2652521549,1,0,6.3546678192,7.4970352512,5.4771598636,27.929739768,98
6.6825917414,0,0,6.040448413,6.0557111269,3.0866762233,20.159730675,99
7.0313254074,1,0,6.4812920711,7.2576945209,4.3354277393,22.359680673,100
5.4740971639,0,1,5.3064867599,6.9680887658,3.5706963826,25.062494879,101
5.1435032032,0,0,5.4952748973,8.2471320028,5.569380055,28.122626502,102
6.2250804592,0,0,6.2627929437,8.0407083271,6.2899982644,26.897119687,103
9.1156746023,1,1,5.2803486162,6.8949973507,4.1044975132,14.850739818,104
7.0524961416,0,1,7.0614849584,8.1783378887,3.4780188723,20.516466052,105
7.046505665,1,0,6.1507343259,6.9367821163,2.5991351936,17.559844913,106
8.7086933134,1,1,7.1181898225,7.0754659805,2.3288293156,12.061523154,107
7.0012052982,0,1,7.4381093338,7.1065945703,3.3558241395,20.91784027,108
8.0809881218,1,1,5.5128238083,6.6923618805,2.4096435079,15.818847248,109
7.8268236472,1,0,6.4677907725,5.6716577224,3.8118742165,17.251628364,110
8.0168182824,1,1,6.4982387945,7.8820038596,5.7095388252,21.478844101,111
5.1549821323,1,0,7.3208330432,8.5855501729,4.8004854739,29.927225212,112
7.8121695565,1,1,4.8323899095,6.4777113584,4.4472582714,19.938677962,113
5.3059883222,0,0,8.0330949644,7.8913302681,4.6042025193,26.112911464,114
6.740083801,1,1,7.0118489253,6.1916194193,4.2923395632,20.822916615,115
5.8159644635,0,0,7.4138194571,4.7736896778,5.4641813422,28.048264983,116
6.1995667666,0,1,6.9574037404,5.9564716217,3.768893079,22.757324771,117
7.361472979,0,0,8.199914915,6.091751544,5.3704064281,20.71194162,118
6.2336489304,0,1,6.8639433304,8.9862740003,2.6785924974,21.104297208,119
6.4504459196,0,1,7.2822995975,6.002255949,4.1761889928,23.787883101,120
7.5032777834,0,1,6.1035862615,6.3599765418,4.5217462141,19.394069084,121
6.9482755599,1,1,6.4148381682,7.7483960155,6.0250399915,26.262391082,122
7.1687952395,0,1,7.1448980511,7.2232253583,4.9349313623,22.123199903,123
7.5918348173,0,1,6.6116620732,5.6923637486,3.8750870208,18.001057783,124
6.7561708424,1,0,7.4702593949,8.3913475342,4.0445967437,22.269845935,125
6.4049422672,1,0,7.5183317023,7.1265184849,5.351751805,23.752177165,126
6.5486403132,0,0,5.0889550667,6.6655784135,6.3147752513,26.111165519,127
8.1328999907,1,0,7.6718580751,7.0587499129,4.7124894747,20.213206465,128
7.6135527449,0,0,6.6810090317,9.0200340393,4.3068924694,18.128597263,129
7.0827940209,1,1,6.7656680681,8.5014577444,3.5467842161,19.945492884,130
7.0170972073,0,0,8.7865443286,6.5381482318,4.2765811314,20.390966289,131
7.0644240677,1,1,7.889696385,7.0060296125,4.692954473,22.853755899,132
7.8244982827,1,0,5.5923878716,5.9608944855,5.6475863626,22.034143825,133
7.3083417266,1,0,8.4072492088,8.6421737146,3.2471367864,17.867039295,134
8.2141758435,0,0,7.3366620973,5.0839930804,4.2856626834,17.890259753,135
8.0462487197,1,1,8.5124047264,8.7509069559,6.8624218897,21.827987838,136
4.7881528165,1,1,6.5694544752,7.6873083563,3.9934525117,27.986371298,137
7.6526787919,1,1,7.507234417,6.5171871771,2.9699498455,17.661187667,138
6.6867530263,0,1,7.2695594323,7.0706620493,4.4280830266,22.575471119,139
7.3839293533,1,0,6.6250749258,10.010425232,3.7814870289,18.613376747,140
6.7503633543,0,1,5.9079651841,6.9503721295,5.9520693835,25.016732702,141
7.1785059409,0,1,8.1303658282,6.2259150395,5.2807072864,22.436495594,142
6.9698963743,0,1,6.3410665919,7.3391250774,3.8189542095,20.198555713,143
8.0942345684,0,1,8.7034937133,7.2307593335,4.3801355944,20.262399833,144
7.6890059461,0,0,7.8823881318,6.2539500917,4.5777349677,19.823176754,145
6.9783409857,0,0,6.4839261455,7.335464874,5.0202412963,22.100056389,146
7.8533445402,0,0,6.8382967851,6.2175465693,5.5081160328,20.848226146,147
7.3606017087,1,1,6.7826805571,5.7309989765,3.5642904425,17.39549633,148
7.5562905192,0,0,7.7391169036,7.3317128366,5.3922754185,20.673236234,149
7.8492217987,1,1,5.1957182074,7.4341032795,4.792499847,19.633447926,150
7.3598830103,1,1,6.4795376837,7.1999917894,3.5329819815,18.732389541,151
7.8187435038,1,1,4.8505634769,4.7777250187,4.6417330007,20.790630467,152
7.2806608529,0,1,6.5854503031,7.2329089273,4.4556076502,20.994776385,153
7.2446722407,0,0,6.5541207833,7.6198399235,3.3624373054,18.94759116,154
6.2640789857,0,0,7.3565676274,8.8897460085,6.2032983178,25.462135738,155
7.1401894604,0,0,7.6377669641,8.0456561446,4.8883854207,23.022959585,156
7.2909940072,1,0,7.5150198437,5.1348913032,5.5208347508,24.601006081,157
6.4498782997,0,0,6.6962584762,5.876640982,3.8686666773,20.567353808,158
8.8865569873,1,1,7.2271587227,6.2985228353,5.0032110425,19.792792814,159
7.4397024033,1,0,8.542065421,6.8558202085,2.0359875389,16.237314952,160
5.3703534313,1,1,6.8860416191,6.6831137843,3.4859175501,25.289081509,161
7.8210325558,0,0,8.0282599275,7.6794283573,5.4901391243,21.500945533,162
6.8197708567,1,1,5.6815640833,5.7291293239,4.7292829284,23.128569187,163
6.990895833,0,0,6.5329337244,6.0677117048,3.2606016286,19.2635588,164
5.7304863328,0,0,6.8138277394,5.7761840134,4.8816971499,25.956793289,165
8.4428014371,0,1,7.78078903,7.7299231824,3.7409070633,16.366563897,166
6.6325556693,0,1,7.1911007889,5.3447601491,4.0448744288,22.590576375,167
8.4920625451,0,1,7.154882884,6.9054138132,5.0444666093,18.214667654,168
6.5088242612,1,1,6.2526399179,8.2824101733,4.7041326268,23.24818447,169
5.2874256614,1,0,5.167477752,8.0650170975,4.2856723767,27.120800516,170
7.8976182686,1,0,5.3838055503,7.6325736456,6.7130922731,23.248671488,171
7.339659179,1,1,6.5216922339,6.2528301788,5.4496366369,22.556903597,172
7.8790978647,0,0,7.8815028591,6.2769609601,3.4500337366,16.954392117,173
6.1112530629,0,0,4.8572788124,6.5488595501,5.4776269322,25.347860013,174
6.9736231475,0,0,9.0349589336,5.8067167064,6.129878647,23.846442381,175
8.1394063647,1,1,6.2351890368,5.2024067654,4.8490689495,19.200992892,176
7.1333871354,0,0,7.8656676547,9.0887753637,4.1299505736,20.193428841,177
7.7002496278,0,0,6.5166873063,6.7169940497,4.2611991075,19.152828187,178
6.4089052538,1,1,7.0826457127,7.5014089442,5.5805957934,26.86022507,179
6.6916022677,1,0,6.290136203,9.119994406,3.6320287449,23.289890298,180
7.514381412,1,1,8.6121425221,6.3955652966,5.9415150437,23.370256462,181
7.1221086365,0,0,5.6450481616,7.3108176453,3.8677266786,19.965330368,182
5.1491404257,1,1,7.2422626854,7.3761216247,4.4252750762,26.443358964,183
6.0699701282,0,0,6.226709692,5.6736102949,5.7268939756,25.326342396,184
6.7903309331,0,1,6.7609919619,6.2502075467,5.2830802087,21.50821545,185
7.6573708939,0,1,7.4113776033,7.3674452714,5.2215590643,20.815818762,186
5.9472125162,1,1,7.6486384142,6.40748794,5.3469034943,25.557908522,187
5.2539236568,0,1,6.8461546995,5.9543809323,5.6485528139,29.763652031,188
6.4903854477,0,1,6.3599922914,7.6718433296,2.9873092094,20.611468028,189
6.3124060202,1,1,7.9243359519,6.0013756781,4.5913888073,26.84392137,190
8.9194566504,1,1,7.0399328153,6.5003290659,5.8579914391,19.786996404,191
7.986113714,0,1,7.8356927759,7.3723363337,3.2789998414,16.037392852,192
4.5421714824,1,0,6.5005076601,7.6257636182,6.0676908411,33.373784666,193
5.7063951545,1,0,7.9333430859,5.847906501,5.6020740301,30.406659778,194
5.9530661309,0,0,8.0822095124,4.2614303193,6.1030159812,26.885320127,195
7.1344318751,1,1,6.8815388516,9.6562009364,3.6691720502,20.391087148,196
6.0004997473,0,1,7.0093628039,8.0190132726,-0.007539006,14.166970048,197
6.1177590228,0,1,7.3766151096,6.5225956488,4.3185903376,24.526190437,198
8.0272202419,1,0,6.1689056464,7.7062055515,7.1553205978,24.80776352,199
4.9696938933,1,1,6.7254077191,6.8862919593,4.8491494952,28.553840213,200
7.8261785147,1,1,7.7811649225,6.6223619364,5.6891940802,21.095095201,201
8.3216311637,1,0,6.4855130941,8.4084844028,3.9321064847,16.913538607,202
7.5099724387,0,1,9.7798049156,7.3588949775,4.4853108319,20.151502253,203
5.9855344625,0,1,7.7632731505,6.9871004076,4.0421248696,23.48082004,204
5.9025708041,1,0,7.5681064413,6.8585687843,3.8662908779,25.605455551,205
7.0420640048,0,0,6.3835329586,8.0103671987,3.002000505,17.657994661,206
5.8069159874,0,1,7.6142150723,6.9739864803,5.7871779415,27.275989244,207
6.1126394781,1,0,6.535090464,6.7291027666,3.8491672822,21.58092425,208
8.5563360352,1,1,6.0618089995,5.3802620708,6.5091192535,23.203379698,209
6.0468467478,1,0,8.0063402227,6.2193248197,3.5026543234,22.924430887,210
8.0177139852,0,1,7.2247725928,6.0009016519,4.4743105436,20.483946904,211
6.7384212079,1,1,7.3149340652,6.6216259316,3.3660671395,21.690548116,212
6.3501208451,0,0,7.6634384005,7.4777409011,4.9248066209,22.852762414,213
7.647293737,1,1,8.8748194991,7.686936068,3.6015133667,19.742986094,214
6.6104284975,0,1,7.212015364,6.2759596105,4.0337307507,21.651680129,215
6.969269628,1,1,7.8299684223,6.2227076151,4.2897931842,23.91196189,216
7.4488706172,0,1,4.9308774987,8.4076808593,4.6342783594,20.987683442,217
7.9105193909,1,1,6.3521835693,7.9089702716,3.8201848644,19.547283388,218
8.4767768928,1,0,9.4081081562,5.443821942,4.5608805153,18.344357205,219
6.8857171624,1,0,5.8037149068,6.0788526819,5.1609265629,24.490162892,220
6.5406179733,1,0,4.9392596275,7.3779644318,4.2322664787,24.551441214,221
7.4304674772,1,0,5.3574659727,7.1287121615,5.8268567743,21.751238197,222
6.2692079728,1,1,7.6170739991,7.5280258722,4.0115293034,21.717050067,223
6.8371102231,1,0,5.7355499619,6.1672136517,4.0045244604,21.072186686,224
9.0134874967,0,0,7.5791858016,8.4524416499,2.6869801943,10.590126073,225
7.5107519133,1,1,7.4217834787,7.3076249038,3.1930317579,16.859385732,226
7.1488043652,1,1,4.891638301,8.3444302704,5.3100937488,23.272900831,227
7.8117657803,1,0,7.9315171236,7.2733474482,3.9493228877,18.339116533,228
8.0445923839,0,1,6.2341912628,7.7989867296,3.7242702881,16.298819278,229
7.8098334259,0,0,6.9988486999,7.7085846054,4.4424336354,18.375520951,230
5.706573043,1,0,8.580802769,7.9933088845,5.207069753,26.907835995,231
6.6696040677,1,1,7.0198996722,7.7466101852,4.1487334439,22.706745996,232
6.9593908588,1,0,6.2898633923,9.3820007645,5.5754325302,24.455540381,233
7.7885598242,1,0,6.3756561805,8.0396476048,4.4279300675,20.175716497,234
6.7401746731,0,0,7.2887680275,6.1462837155,5.4724335892,24.820231019,235
7.7071648065,0,1,9.4932716849,7.793652789,4.0412760589,17.850612892,236
8.1313814388,0,0,6.6637542626,8.4692630888,4.6301241455,17.064279962,237
6.5386309221,1,0,6.5833568988,7.4413519859,4.644873945,24.851909526,238
6.0856898568,0,0,6.3724145291,7.3421397448,3.7470551341,22.79622073,239
7.4620666314,1,1,7.812615924,6.3273194683,3.7420080741,18.750170199,240
6.9572786492,1,0,7.715156426,8.967012814,5.525871934,25.081342666,241
6.7488253518,1,1,7.0105304142,7.649210403,5.1459731337,24.467528309,242
7.5952345803,0,0,6.9854409449,8.670809883,3.8581107084,18.254516698,243
8.5864440247,1,1,6.9946015149,6.2566223962,4.3428374766,17.461400901,244
6.1523429578,1,1,9.032803928,6.4847595716,6.6952075745,30.808734138,245
9.0934900158,0,1,5.365270084,7.0486361694,5.2520570697,15.74922072,246
7.6774641254,1,0,6.457468013,7.0565767997,4.5782469538,20.155179277,247
7.5464061724,1,0,7.9875344899,7.1005009751,3.6855347504,19.543749536,248
7.3508235634,0,1,6.8051180423,5.9737076073,2.569573555,15.163178966,249
7.9238432396,0,1,7.6240167681,6.4994845687,3.0999401842,15.655357918,250
5.6234583579,1,0,7.6598896708,7.6243738219,3.6608450742,24.915906524,251
6.2065708376,0,1,6.7718752481,8.2438299807,5.4566189752,25.50545883,252
7.9564363854,1,0,7.7492628478,6.9260792942,4.3285665788,17.758597425,253
6.3663263628,0,0,8.2169901575,7.0675165307,3.1340415261,20.672186199,254
6.9881869148,0,1,6.4140106707,8.5332308495,4.2180680944,21.529946706,255
9.0803993867,0,1,6.9567035433,5.0693887468,6.2067952633,18.314504527,256
6.3484178278,0,0,7.2439988806,7.3070263933,2.9899207289,19.154803963,257
7.0262441769,0,1,7.9153366494,7.4079087303,4.1726064863,23.04663871,258
8.4081949017,0,0,6.5101241082,6.8624449575,3.6875014143,15.520073856,259
7.1303817216,0,1,7.3703779814,8.9593447289,3.9837601088,19.656618345,260
7.2847954492,1,1,6.2773491619,7.8437714537,5.6855540345,22.525015527,261
8.4156049394,0,1,7.9652140703,7.5032235039,4.8390667962,16.009399168,262
7.4412416114,0,0,8.0682584154,5.4375005354,4.820964308,22.200931758,263
5.4249678693,1,0,6.5672514125,6.6472550802,4.7003228104,26.693592994,264
7.7426329607,1,1,6.3434894503,7.2640042951,4.6091211052,19.947973681,265
6.3969254894,1,1,6.2789478473,6.5167147944,4.4020379503,24.34375552,266
6.7139338927,1,0,7.6034331858,7.3992606784,5.4431137335,24.408641866,267
6.1551580511,0,1,8.3922939658,8.7448909398,4.7773737617,23.9332055,268
6.7156691554,0,1,7.1734629885,8.7740069642,4.1167100973,21.975112309,269
6.9774883852,0,0,5.7682400639,6.3926243426,3.5967966364,17.685287395,270
6.8627760956,0,1,8.474214532,7.3333695869,2.6154057343,18.317703633,271
8.1823952294,0,0,6.0296827401,6.3921821739,4.0854749113,17.116208302,272
6.6568779462,1,1,6.7413570141,7.055978388,5.56265501,25.411114879,273
6.5650127965,0,1,6.2699938372,9.3935811584,3.2235131978,19.395813007,274
6.2422074158,0,1,7.0850563553,7.5867363078,3.9832170937,26.344261337,275
6.6335192708,0,1,7.8658061983,6.7834850077,5.0741497371,24.977661887,276
7.8059433753,0,1,5.9509031262,7.1378795877,5.2018672347,21.255569073,277
8.9553881146,1,0,8.0613285134,8.9418834945,3.7513111212,14.821794424,278
8.1635542194,1,0,6.4728125916,4.9626386404,5.0808508525,20.868580945,279
5.1927697767,0,0,8.9071854302,7.2802513519,2.164977104,21.521831007,280
6.2076779011,1,1,6.3112774647,7.6544070694,3.7108604742,23.535143164,281
7.249052252,1,0,8.6445328842,8.3652956575,3.2969675791,20.003490063,282
5.3418559605,0,1,5.7019029676,8.127624681,3.1426301886,23.954626136,283
5.4821454926,0,0,8.9984979805,7.2822893548,4.3075434205,25.836676738,284
6.4448207023,0,0,7.2430738647,6.2537285393,3.6703485384,22.855754511,285
8.6870199083,0,1,5.8972306583,6.4061584787,3.7493322232,15.448423142,286
7.1362613315,1,0,8.1446884303,8.2328769492,4.4317501152,21.814006087,287
6.88292551,0,0,7.503564565,6.3632136532,3.7588529155,19.547061785,288
7.3022914887,1,1,6.4778305369,7.9691200826,3.3847460474,20.172106095,289
7.056552926,1,0,7.5604622014,9.9078732201,6.7778563828,26.099493102,290
4.8752736528,1,1,7.3988637425,6.360792406,4.3790622128,28.201391861,291
7.0093283744,0,0,6.9497203584,6.8691101462,5.2207382013,22.87139397,292
6.8454021368,0,0,6.5677423002,5.5794714929,1.7489771827,17.587937721,293
7.8349582061,1,0,6.6303594206,7.3887156834,5.6256213819,19.557626898,294
6.2597101467,0,0,7.4099766903,7.1785205941,4.132909236,22.11603334,295
7.3580649258,0,0,8.0686827318,7.9097801904,3.4663710575,18.655554282,296
8.9216497336,0,1,7.4359887118,6.8054647033,4.423474068,15.962907338,297
8.1966551427,1,1,4.3242346798,6.0752973702,4.2949175725,18.719341612,298
8.6489147168,0,1,6.6892599832,7.967883016,4.9676284075,16.335342583,299
7.8658899773,0,0,7.3005630025,7.2129272291,3.9287387122,15.085796143,300
7.7197718316,0,1,5.2388948089,7.6512964141,3.4165548438,16.760732787,301
7.3670385155,1,1,7.5053442184,7.7694200784,4.2628850102,19.742708864,302
6.1529196974,1,1,8.2814506157,9.2011838059,5.2534733371,24.874835954,303
6.3908335394,0,1,6.735298535,8.9425745195,5.1315353855,24.493213826,304
7.456844255,1,1,7.7757004195,6.6001982067,2.7240562338,18.203159225,305
8.4428965858,0,0,6.3636117336,7.4482652746,4.3616284502,16.653003025,306
6.5774681925,1,0,6.4255791392,7.7882323915,3.8557979385,24.104962259,307
6.5242901139,0,0,5.2500157601,8.221518947,3.8368269315,21.033801113,308
7.1855022179,1,1,6.787087899,8.008832354,2.9600746054,16.837438613,309
7.5590523441,0,1,7.4057857794,7.6058576158,2.3501164916,15.712668209,310
5.7318973616,1,0,7.1660324261,8.1029986108,3.4709115873,23.01087017,311
8.0428332479,0,1,5.1904076131,6.5348285855,3.907514349,18.97147965,312
6.434262253,1,0,6.1815510482,7.3049610751,4.1741599907,23.821472877,313
8.146725538,0,1,7.8291897402,5.9699741797,3.8877035899,16.608727694,314
8.0179516856,1,1,6.4633506564,8.4200138262,2.814979093,16.310388189,315
6.9192360632,0,1,7.8855179009,8.6890254942,4.1850163322,20.914726783,316
7.2617770728,1,0,6.3383294697,7.4062449514,3.8400710271,17.952845718,317
7.3984863712,1,1,6.430402971,4.57534614,3.8443133921,20.372887625,318
6.6154052352,0,0,6.2211110382,5.9111877177,4.1727450304,20.239012661,319
5.5963181603,0,1,8.1258602103,6.5829685643,4.4145154581,24.509494369,320
6.6659343513,0,0,7.1093136631,6.5331133319,5.9880694967,28.049241584,321
7.875915222,1,0,7.9005974409,7.4984228867,5.1849886609,22.151085493,322
6.7561187339,1,1,6.4470737734,7.3634637973,3.9911456405,21.87441269,323
6.0006784083,0,1,8.5035657737,5.7317910501,2.5988892434,20.979179844,324
8.0433054522,0,0,4.9844615888,8.3030510264,3.5107208833,14.081528186,325
6.9058771711,1,1,7.8655851772,5.6107355631,4.1637060618,21.863903119,326
7.8174030279,0,0,7.4940264985,8.0596312105,3.7592267244,17.802554892,327
6.0265779446,1,0,6.6476641715,6.113055384,3.3860760435,22.669018871,328
6.9364350656,0,1,8.0766654536,7.5815700992,4.9706506337,23.956997439,329
6.8378644517,1,1,7.2928450363,6.798792263,5.3568821734,23.434670451,330
6.5021161621,0,1,6.5715722337,5.9941717086,5.647914041,25.01115216,331
8.8788285938,1,1,7.9717841727,6.7009052907,4.2489743426,16.769100779,332
7.3750833902,1,1,7.342222816,9.6030123858,2.7607228624,16.578896484,333
6.0167684958,1,1,7.7322928307,5.5424579417,4.0010364686,25.420873392,334
6.2915378105,0,1,7.578404783,7.9562900623,5.640070689,25.457431068,335
7.8491106367,0,1,7.3327418211,7.256867422,4.8366894648,19.121636798,336
6.7632084036,0,1,7.4143018538,7.0878868062,3.0610740154,18.022208198,337
7.5166164623,0,0,4.9110462154,8.0984834363,3.7080391929,18.658357669,338
5.9002922547,0,1,6.5825650518,5.1467013359,5.2529212048,24.998164597,339
6.6920371347,1,0,9.0295535647,6.5200575732,4.856193765,24.461120337,340
6.8749199624,1,1,7.3228594143,9.0991830636,5.0468071024,24.791277685,341
6.1381799135,1,1,6.1758517048,6.4043071787,5.8969987592,28.070064284,342
5.713929773,0,1,7.9999877023,7.7363734621,5.4324743056,26.993244775,343
6.1277200884,1,1,8.2949010927,6.1461430505,4.5790740342,24.302017109,344
7.968023595,1,1,8.6824500816,5.1231720385,4.3440305922,17.992354715,345
8.0759280112,0,0,7.5567449906,5.9773167165,4.5187360282,18.258480712,346
5.5297773567,0,1,5.3489970405,8.2032415542,3.3728003372,24.139575545,347
8.8857052861,1,0,6.6126156408,7.1128185218,4.4029889424,16.627162377,348
8.4774133603,1,1,5.3887613337,6.895806897,4.3655797886,17.897883237,349
6.9218541896,1,1,7.1383041178,7.5830895517,5.2679199855,22.515882333,350
7.2665626461,0,1,7.4073718068,7.426457733,5.6202057054,20.716322867,351
7.9288554659,0,0,7.7090581028,7.1380972683,5.2045517206,18.442570891,352
5.9299981059,0,1,6.5175318924,7.0832345387,4.0427153997,23.510737464,353
8.1476739363,1,0,6.2815202261,8.1147963661,5.868524493,20.185995657,354
6.9070879916,1,0,6.4015073026,7.8727852568,4.4614078044,23.581794339,355
6.4862662597,1,1,7.593673131,6.6824448568,5.7381307054,25.349146303,356
4.7114487385,0,0,4.985289205,6.5405358329,5.510697744,30.832561696,357
7.8388651356,0,0,6.3184718419,6.2649087901,3.4446889331,18.167052864,358
6.4003002999,0,1,6.7731845744,7.1783046679,3.8890528868,22.549955866,359
6.3376807775,0,0,7.850955922,5.9073875807,4.1264953595,22.929503052,360
6.55933389,0,0,5.8925591617,7.0011835786,4.7392630977,24.825534264,361
8.0593988442,0,0,8.0843137034,7.7727598225,5.4124812148,19.69565352,362
7.558730641,1,0,6.3238375466,6.4824077049,5.3298030694,20.94099591,363
5.9552730399,1,1,7.220222695,7.8012747762,3.6407511762,23.634257782,364
6.0930221434,0,0,7.239555383,8.7760704805,3.956497969,21.900825386,365
8.6607641983,1,0,7.1349928207,7.0755695027,4.0464434822,16.15076789,366
6.3497016216,1,0,6.4837773179,7.043870782,5.1042632405,25.845902504,367
6.8903654279,1,1,6.7307102225,7.1605576341,3.0059273735,20.354856534,368
8.0537628199,1,1,6.4853771041,7.4825538433,3.0847929561,15.308002461,369
5.1626560157,0,1,6.1121412674,8.5883888725,3.4404331653,24.882543591,370
8.6356657887,0,1,6.3974682533,7.7631553789,4.66281403,16.899449643,371
8.1806030223,1,1,6.4639953728,4.7028848046,4.2978268037,17.947089076,372
5.8588630939,1,1,6.3230452493,6.2902242493,3.6819375532,23.826490831,373
6.6097090351,1,0,6.7264601323,7.3103423153,4.6070481043,22.722458772,374
7.3823762726,1,1,6.8382006713,7.7570846057,4.5445394976,23.127625123,375
9.2263057589,0,1,8.125558317,6.3546456716,4.3955117248,14.490404896,376
7.2812495936,0,1,5.5339987672,6.2016670052,4.5620411326,20.467796982,377
8.6891332907,1,0,8.354370739,5.8437108396,5.1280896095,18.664864397,378
5.0037212668,0,0,6.3288585096,7.8252879313,3.7014632661,27.148915484,379
5.182498946,1,1,7.2592735159,7.9623687321,3.8918412868,26.113701184,380
6.7413655399,0,0,6.510651045,6.9904626711,4.0062667245,21.188741686,381
6.4489072504,0,1,8.0366145293,7.8050882393,4.2454563966,23.213082453,382
5.9161001761,1,1,6.5790128365,6.6941729221,4.4176075485,26.450428362,383
6.1572553973,0,0,7.5195107259,7.9535057317,4.0993868406,21.093866443,384
7.3274132021,1,1,5.5906788915,5.9916494703,3.8517502493,19.719598607,385
6.0394404848,0,1,9.5645038903,8.3399918274,6.1082680703,25.630374516,386
7.7410028558,0,0,4.7432763276,8.2439667082,5.6324023726,20.821074846,387
8.0827325171,1,0,8.1203731973,8.9273021596,3.0802100256,15.52762992,388
5.8573399822,1,0,6.9048793761,8.1054833572,6.1219341719,28.317744765,389
7.245406121,1,0,8.1199279236,6.8705828793,3.3241753096,20.859952197,390
8.3898683039,0,1,5.3896649012,7.6408847742,5.3215175655,20.533842778,391
7.7984609948,1,0,6.8949535034,6.86659649,5.5668714829,21.145421977,392
6.2823002288,0,1,6.5634265997,6.167050176,3.916205358,22.807018183,393
5.3297097827,0,0,7.8226186052,5.9296083016,3.3327268244,23.160173739,394
6.3353691938,1,1,7.6467457331,6.2816849412,5.4318732981,27.819741092,395
7.6923577853,0,1,7.1399654375,7.7146786906,4.1824254447,20.021846102,396
8.7255010405,0,0,6.0116873656,5.364619456,5.0210553509,17.716552248,397
6.446982395,0,0,6.4846876197,6.2337292076,6.2977859761,26.835193594,398
6.3705001047,0,1,6.9573331325,8.0955721343,3.6102389823,21.822527545,399
6.746021219,0,0,6.0833681459,6.7936944443,4.0271838645,20.515427635,400
7.4415581688,0,0,6.6661993538,7.1217325049,4.3962538416,19.474354465,401
6.3188348022,0,0,5.8515656833,6.458934442,4.5670363656,24.168744505,402
7.0629503222,1,0,7.5078049452,8.4912064044,2.6972708578,18.357087847,403
7.026043614,0,1,7.4006487683,6.5582168256,4.0194934467,21.208350861,404
6.6296741377,1,1,5.7215287748,6.2228746347,5.1166035802,24.223571164,405
7.3120637069,0,1,8.465979155,8.0153558496,5.8248933639,22.80028646,406
7.1146581228,1,0,6.5148897334,5.4012273251,3.3310399046,19.917128124,407
8.0274632872,1,1,7.5000013033,8.9874403247,5.6868725473,20.947561927,408
6.8947370726,0,1,7.7468042147,6.6604615407,5.4002378641,22.775717023,409
6.8764360042,0,0,8.0625722328,6.3139522581,3.6740174573,19.740748581,410
7.2202797285,1,0,7.8448563141,7.8182291904,4.235954208,22.096000932,411
7.1873219815,1,1,8.7157811958,7.2460813625,4.1192046008,21.21838147,412
6.0037308046,1,0,6.0394887629,5.8753858247,3.786472595,24.876643915,413
6.8776772009,1,0,7.8379861022,7.0098496655,3.0135832759,20.392846947,414
6.9325728141,0,0,7.0047959903,7.1828249434,3.737473211,20.344515277,415
8.3354348518,0,0,7.9134676186,6.4986156541,2.7682708195,12.819533058,416
6.1918710143,0,0,7.1265108289,5.6632142579,6.0370853414,27.663112243,417
7.4320525799,1,0,6.4688864379,7.969589591,2.6386301539,18.140760246,418
7.7789661636,0,0,6.3972304917,6.0112286749,3.2745615922,15.919248537,419
7.6300645058,1,1,6.2698522008,4.521688138,2.1303472763,17.387731837,420
6.2425127925,0,1,5.5658295495,7.7442766666,4.0540555806,24.432454881,421
7.7675424644,1,0,7.1656840831,7.6982744471,4.5887014653,18.760303735,422
6.7829088159,0,0,7.2033260683,6.4585907741,2.5354649676,18.185846213,423
7.3882660337,0,1,6.6197904014,7.0132360416,5.5634137229,22.108789253,424
8.2128005144,1,1,7.605360328,6.172966964,3.5019023473,15.714690653,425
7.7231829861,1,0,6.4240130657,7.6362643405,2.6293094797,16.032848862,426
7.5632649989,1,1,5.9117771295,6.4349842384,3.5560216398,19.036567263,427
6.4290563625,1,0,8.3537726729,7.027563284,4.103305177,24.60381088,428
7.8947609835,1,0,6.0219209082,9.0905274252,5.5668461274,21.964732405,429
6.4969203436,0,0,8.5024502862,8.5902963112,5.069336225,23.563913471,430
4.0912547737,1,0,6.4234704175,7.0786895263,3.9273858657,28.863287652,431
5.6469053503,1,1,8.0658865098,7.0907119755,3.9526783842,24.090057874,432
6.9200873616,1,0,5.7726788699,5.5758206766,4.6020171842,23.091223066,433
6.2550081417,1,0,6.8041653886,6.6807125374,4.0743492205,24.946209193,434
6.887359621,0,0,6.2275834867,6.5096697056,5.1902840873,23.05309587,435
7.3746404276,0,1,7.4651015332,7.423004258,5.69483192,23.198910389,436
6.9149848076,1,1,7.6516711105,5.9739372851,4.1617277174,22.378482999,437
6.8619121277,1,1,6.891332938,6.4856315778,4.3038522249,22.749659741,438
7.4311089702,1,0,6.8819349173,7.6335615204,6.2195504098,23.162334427,439
7.6335855203,0,1,6.8179718305,7.0945213986,4.7672959159,21.036168955,440
8.1927173183,1,0,7.5897273144,8.1455491593,4.8883636692,19.848403565,441
6.7750344149,1,1,7.6549219508,7.1978055101,4.3039898123,20.671153057,442
7.2908652892,1,0,4.8362364419,6.6481049939,3.3176934696,17.984299913,443
8.2636128969,0,1,8.2631527701,5.7202860291,3.50042676,16.382448506,444
4.7047646601,0,1,6.8844251614,6.9549486817,3.7299272647,25.652800318,445
8.3127200173,1,0,7.6669926249,5.981697618,4.5987600365,19.681779905,446
6.476477998,0,1,5.3739381408,8.504760406,4.0650964656,23.145394672,447
7.9190910555,1,0,7.9545062956,8.2607328839,4.067252903,19.734857354,448
10.098079597,0,1,6.7032538974,7.2180653617,5.3036125754,14.407636241,449
6.6888644069,0,1,7.4536462006,6.8875859872,3.744853236,20.872867073,450
6.259397561,0,1,7.8249506743,7.579490118,3.6608580052,23.372113115,451
6.9437425591,0,0,5.6597676915,6.665751111,4.65942342,24.107137484,452
7.196427769,0,1,5.6970797461,6.3376889176,4.3763963958,21.737420548,453
8.1385139323,0,1,6.9335428256,8.2676961622,3.6568349363,16.459986945,454
6.2714699652,0,0,8.0495507872,5.7491016727,3.9728324978,22.894058103,455
3.8862557698,0,1,7.924414543,6.3016385092,4.4478270061,29.943491627,456
8.0165991167,1,0,7.2459470973,8.2061489851,3.0042064893,15.332057026,457
8.0951491875,1,0,9.222187626,7.109832878,1.6437659371,12.530811394,458
6.5778154698,1,1,7.1940658602,8.6879277928,3.0148559909,20.403133995,459
7.2922142153,0,1,7.1107003736,8.6644145684,7.1913326914,26.033479586,460
6.8252974575,1,1,8.1618761408,6.0198215731,5.0089674825,24.293130351,461
7.4814849571,1,0,6.9133875982,7.678257992,5.0291251046,22.69237346,462
6.9410578171,1,0,6.7068961565,6.5641462063,5.4991390387,24.654281858,463
6.0107571187,0,1,8.0163614035,8.1597405116,4.2620267192,24.192631435,464
6.4933798419,1,0,6.1014750839,6.3418293309,3.4107482836,21.688999914,465
5.6434591037,1,1,5.8688985103,7.6196097686,5.1532463856,30.199800182,466
8.3769996339,1,1,6.1988993374,6.9071970439,5.6751509414,19.99519729,467
7.6059746596,1,1,7.8989255012,7.4556004699,3.6519638788,19.294552665,468
7.865107718,0,1,7.9602956937,9.1862575349,3.3089862453,17.550991762,469
6.5924568124,1,1,5.7177579353,6.1360636847,4.2067878963,23.411423576,470
7.1988537196,1,0,8.0832136511,7.6111330074,5.1027931966,22.739189277,471
6.5992030888,0,1,7.1180928074,6.5166641417,5.7326013767,24.848477352,472
6.4711365863,1,1,7.6947178186,7.1675001767,4.2215001549,21.728719264,473
8.0037743233,1,1,7.3453893415,7.5054448131,4.0844302947,17.486817072,474
7.0779006226,1,1,5.8778217739,5.1849822953,5.2961756449,24.919963873,475
6.0674115575,1,0,6.3378127025,8.1047159072,5.6202305978,27.448063572,476
6.0502654222,1,0,6.5746736857,5.7511775562,3.6007309131,23.082701902,477
7.2871353752,1,0,7.2036924023,7.6526644567,4.5946309361,21.700694625,478
7.6576789112,1,1,6.4003070476,7.2591888705,5.1448471192,21.410753789,479
4.3187779094,1,1,5.4398001264,7.0080102016,4.2611353824,27.483978537,480
7.5574278599,1,1,7.7913010918,5.8855046262,1.9620054137,15.078224713,481
5.9527011104,0,0,6.4503166493,6.2059198778,5.2655811994,27.516997267,482
8.3771710994,0,1,7.893930103,6.7008477228,4.4993988919,17.00652199,483
6.2874416049,0,0,6.8461085078,7.3016987914,4.2863242297,23.053580875,484
9.030716131,1,0,8.320266615,5.9955515346,2.6829323011,12.002679031,485
6.8342312807,1,0,7.670210533,7.6261051297,2.5339512192,17.473337828,486
5.6525041025,0,0,6.0746681054,7.4163263505,3.7969686278,23.362631211,487
7.0050656223,1,0,7.1775498164,8.3846283174,2.6058113057,16.780091861,488
5.0610223334,1,1,7.358436358,7.4988380205,4.0842293092,28.042461306,489
5.8815289881,0,1,6.3235389015,9.288327561,5.2923331774,26.098929533,490
5.4265222838,0,0,8.4795637257,5.7222459358,4.6678670033,27.259025065,491
7.1601295452,0,0,7.8702275379,7.9067543129,4.4517402505,20.56649437,492
7.8573268681,1,0,6.4003793693,6.2764597106,4.5061926925,20.835466231,493
8.0467090365,1,0,7.5302862242,5.4761701246,3.7359475189,16.818246388,494
8.7634998916,0,1,7.8036086691,6.4177594553,3.7839827585,15.50507534,495
7.5520136846,0,0,7.8806993743,6.935602186,4.5627536861,20.344405625,496
7.5285180953,0,1,7.832717982,6.2610122862,2.7688395436,17.249671889,497
7.3729602316,0,1,7.1737437222,6.5512952853,3.3741916999,15.203910413,498
6.0492301734,1,1,6.2732763073,8.309281259,4.6543364794,23.897932808,499
7.1780559185,0,0,7.8010255693,4.6902369219,2.5616121859,16.333187333,500
6.9132091808,0,0,5.8730695934,6.3105742305,2.6834902095,18.239046825,501
6.1598477804,0,1,7.87905251,8.0889312191,3.5057311517,20.657446543,502
7.6545362616,0,1,6.1125278169,5.9363043186,3.2271529228,17.356604143,503
5.7327149867,0,0,7.3937411892,7.3080409771,3.1494285917,23.497079513,504
8.064971941,1,1,6.6039561767,7.0156879408,4.8867609725,18.877745884,505
6.2108563786,0,1,6.8642141648,6.7620358203,3.8489794855,22.426795924,506
7.6403139415,0,0,8.5172943425,5.5527418306,3.9506085162,19.358527396,507
8.2581537056,1,0,6.3710791334,6.0980029751,1.5256997601,12.213466415,508
6.5848325649,1,1,6.7376032778,7.3593292431,5.1683644202,25.130013441,509
8.6775303655,1,1,7.4762314155,5.6339055995,4.0001185834,17.284790053,510
7.3407667775,1,1,8.2638625245,8.4809322093,2.5520375091,17.902345164,511
6.8645673996,0,1,7.5789243194,8.7645124991,3.5476732993,19.591000364,512
8.4597712127,1,0,5.5515783197,9.2107531179,5.1861413881,19.964682454,513
8.0778603821,1,1,8.5345754996,5.4370036971,2.3107889314,14.368669889,514
8.2309052509,0,0,6.8958132042,6.9299289463,6.0995126364,21.012224172,515
6.4057711559,0,0,6.7977298249,6.6695833593,5.7782126413,24.566139419,516
8.0154124412,0,1,9.005286134,6.8043655793,3.685321515,15.863390771,517
7.7979981549,0,1,7.1834872831,6.487265748,5.6854939216,22.351495458,518
5.870370447,0,0,7.3695464492,8.0652015421,4.7985984639,26.45735725,519
6.4178973896,0,0,6.8934457635,8.2218501405,2.1594522656,18.42343966,520
5.7977690475,0,1,6.3945980181,5.2605588262,3.713775944,23.621580667,521
7.3196538785,1,0,8.2187043989,8.2267936282,6.0648690128,22.523607774,522
7.6013463663,0,1,7.1006590882,6.1893543753,3.9638328305,19.156831799,523
6.6030600925,0,0,7.5522972629,4.9950671442,2.4219789521,17.597687003,524
6.4317996449,1,0,4.2543136432,5.7440117693,5.232173679,23.651867604,525
4.6226907959,1,1,6.2486788955,8.1775120666,3.5571847722,27.700060384,526
7.8829009317,1,0,8.2661759197,6.8575336444,4.5420675412,19.63757987,527
6.8679865059,1,0,6.6561470834,6.7084577954,4.333595014,22.102563856,528
6.1976968333,0,0,7.5030193099,8.3295346644,3.7484039205,21.76736537,529
6.4378057079,0,0,9.6904080938,6.6606097027,4.5776122932,24.170598304,530
6.7160314052,1,0,7.6958475366,8.7412074402,4.4428704865,22.750709395,531
8.7181261642,0,1,7.4395768783,6.9456197991,2.1142290991,11.294248526,532
4.4220682786,1,0,7.7059673548,7.0133242801,3.9375998211,29.395479161,533
7.8606807689,1,1,6.6156408934,6.2341424288,3.135263011,16.782305649,534
5.9162172427,0,0,7.257417096,7.2695179848,6.709152426,27.884414957,535
5.7341932013,1,0,5.8176340741,8.6021442347,2.8258553319,22.335218877,536
6.7908904863,1,0,7.1843374675,6.5244589043,3.7169174871,21.673366707,537
5.2326627082,0,1,4.640225713,6.3059881435,4.3223562525,26.530550745,538
5.0603345456,0,1,8.3137490935,6.3548157751,5.2411397156,28.152768824,539
6.0648400961,0,0,7.9542805755,7.1835285511,3.5290708549,22.052844988,540
6.7470500949,0,1,6.054951513,7.1169498104,5.0348503692,24.758677693,541
6.0084239959,1,0,8.1809018996,8.2376141547,4.5973059305,26.265584142,542
6.6099368369,1,0,7.2600340497,7.1604976131,4.4803565518,24.278595936,543
7.6489957429,0,1,7.0504864856,5.7000491867,6.6032274719,22.563493523,544
7.0499524657,1,0,7.4389616153,7.9121303666,6.1569423867,25.352854582,545
5.5187945377,0,1,6.8762038277,5.431331027,4.2435616617,25.151475933,546
7.0738731306,1,0,7.320783785,6.7078040278,5.0634824195,22.339817745,547
8.3805375448,1,1,6.8926459917,6.3460980427,4.5588080668,19.015314673,548
6.6685529238,0,0,8.0377138505,8.697476939,2.5842899857,18.096699666,549
7.9246032024,0,1,8.0883857122,7.9007042421,3.1298124838,15.714209113,550
7.3319777912,1,0,8.1538006624,7.4203587696,5.0646759148,21.564101961,551
6.2604630785,0,0,5.4335048364,6.878542674,4.2147227621,20.09181516,552
8.3883932092,1,1,5.7637565573,5.2345389545,3.4592348764,16.725170568,553
7.1508140583,1,0,8.123569203,7.8537980281,4.2971709148,22.051691406,554
7.0167271373,0,0,7.2006858263,6.60842822,2.9647681667,17.518601437,555
6.8721022119,0,0,7.4587482036,6.0635346149,4.7482247111,22.740942882,556
5.8600281392,0,0,6.2914586836,4.8557833602,5.401283453,27.613348063,557
8.424185648,1,0,8.1484317077,5.8051165189,3.720854302,19.28180674,558
6.976276364,0,0,8.7209976892,5.775079573,3.556856928,18.350333622,559
7.4190346065,1,0,6.5960426727,8.5043054741,4.4682437721,21.596480554,560
7.248244253,1,0,6.9301160266,8.5121493552,3.5286588736,18.475119126,561
7.8962870911,1,0,6.3402179699,8.1686928442,3.8351049768,19.38564423,562
6.6190826934,0,1,7.6410570489,6.7064142312,3.2485514565,20.357156079,563
7.1412024156,1,1,6.2367297143,4.9303267618,2.4433907104,19.899408267,564
6.1398324766,1,1,7.9297659031,7.3272442434,3.7461067543,23.776042757,565
8.5704646883,1,0,8.5183520605,5.6535970291,5.3427179636,18.954057749,566
9.4644145527,1,0,6.4473935276,5.7849612629,4.8818560956,15.948147115,567
6.0978564921,0,0,7.0577208092,7.6068401457,5.4192726529,25.523300201,568
6.009628976,0,0,7.9091837681,5.6362348627,3.1567751042,21.90398805,569
6.3048223999,1,0,6.7768406428,9.0488086938,4.2580872848,23.838251799,570
6.7468256646,1,1,9.35517684,5.7956569871,5.6400821246,27.039282397,571
7.8541471545,1,0,6.399513138,8.288864621,3.4502580042,17.641828486,572
8.5413220407,0,1,7.3405153205,7.0480512445,1.4487611304,9.402144312,573
7.2809281626,0,1,6.8527519907,7.3548601053,4.1431032555,20.773009205,574
7.383914041,1,1,7.4364574169,7.7961204164,4.5901417303,21.957430588,575
7.7322827108,0,0,7.9940211508,6.7856072238,3.9623365751,19.354071635,576
6.9145828791,0,1,6.8142236607,6.5248860283,5.4573303317,22.665882181,577
6.7294791436,0,1,6.1278629574,5.8103142217,3.9102242557,23.409611433,578
5.9646610884,0,1,6.6318012479,6.8990688411,4.3188082446,23.048676585,579
8.2679291465,1,1,6.2482982195,8.7920024206,3.6635214826,19.095599946,580
7.9426271197,1,1,6.5579020666,6.086536826,4.2912581236,19.906515016,581
6.7283016235,0,1,5.9763424909,5.5081139966,4.1214843495,22.179347549,582
8.4397394022,1,0,6.7441807872,7.3929338594,5.4498688238,20.90972466,583
6.4905472062,1,1,7.8728087195,8.1494366309,3.806463092,21.789367729,584
8.1610679832,0,0,7.9982850012,7.1708832167,5.3322162893,18.860651063,585
3.9564121686,0,0,6.0652432467,8.3325957314,3.6973319757,28.202716428,586
8.0271525996,0,0,7.385395049,6.585761298,3.894857739,19.246140177,587
6.6469081233,0,0,6.2135803119,7.7397764421,4.5048405635,22.282913769,588
6.1935904617,1,0,6.6824888346,5.9401733239,4.0675638701,24.152816255,589
5.6621199218,1,1,7.8088924079,8.3733212572,5.1885445318,28.613683046,590
8.2368977439,0,0,7.407075416,5.297264325,4.1647320175,17.511831908,591
6.5644452813,1,1,4.5413055145,8.0326408892,3.4484643248,21.749213123,592
6.2061103968,0,1,7.1763107628,7.6296810208,4.4266083535,22.584809083,593
5.524443824,0,1,7.1149713135,6.6887339687,4.7368092612,27.601066196,594
7.8871336811,1,1,8.262950837,5.5261266499,6.1930040495,24.440278749,595
8.075558157,0,0,7.3791937978,8.6215421837,2.7906656481,14.743415985,596
6.6622272017,0,0,7.3087763849,7.9888581626,5.1194725946,24.110927453,597
5.9168322288,0,0,7.5658369789,7.0539529473,4.1990757282,24.39335542,598
6.5239980381,1,0,7.9591789734,7.3547651327,4.1827463676,22.256248552,599
8.0288597368,1,0,7.1674404457,7.2975380419,2.4081424967,14.835261191,600
7.6439287825,0,1,7.9287754181,6.4865266568,3.6905214547,18.31368553,601
6.9783269511,1,0,5.2076089421,7.937297861,3.9675784207,20.449445968,602
6.9873624998,1,0,7.4246389082,8.2707850533,4.5019117265,22.555836668,603
7.6134741447,0,1,5.4312131295,7.475976063,3.6973450938,17.437609898,604
7.489379166,1,1,8.3932812872,5.746229449,4.8618409741,22.312294156,605
7.5110505978,0,0,7.0387364167,7.2536925253,4.5242045709,20.562059238,606
8.1820890904,0,1,6.1058724392,5.0585918367,5.8086530349,20.967214055,607
5.8406531651,0,1,6.1088404989,7.917245523,3.0650343321,23.653840272,608
6.1626845129,1,1,7.8097014192,7.0975354311,4.7186980101,25.151600984,609
7.436382327,1,0,6.9117544304,5.7007526273,2.863464382,16.332019292,610
7.5991855088,0,1,9.6736919987,8.1102939503,4.2561232536,19.358885892,611
8.595332124,1,0,7.2344154508,6.9930205025,5.0154890922,18.937516888,612
6.7308369044,0,1,7.0575203173,8.4165408629,5.1223150471,23.571351771,613
7.6476838191,0,0,6.2779810017,7.2771894681,6.1529013778,23.701282551,614
7.4043810328,1,1,7.3121308992,6.2412454431,4.576462532,21.495943438,615
6.1897643402,1,1,6.1591470868,5.8618363286,3.7867691541,24.685395244,616
7.4470325371,0,1,5.9834574272,7.4676442867,4.4869303677,21.651907315,617
6.7907498858,0,1,4.7904718665,7.9221031093,5.1990272635,23.044432028,618
6.3975806104,1,0,9.1362902215,8.2769009355,5.5307503237,28.349304425,619
7.2482478277,1,1,8.0201399928,7.8069159762,4.3310307136,20.914881347,620
6.0254525757,1,1,7.2748973593,6.7197727663,3.311916371,21.572586351,621
6.9606983609,0,1,6.6114144604,6.0003933692,4.7965885282,23.28199313,622
9.1444868565,1,1,8.2780627229,7.524461167,3.6494287043,12.839251144,623
7.973230617,1,1,8.3319083925,8.5081294957,6.2604388265,24.776743805,624
6.0049498564,0,0,5.7173568984,8.0427896767,4.2548581423,23.427287223,625
6.1540511865,0,1,8.637003739,5.191255439,4.8128656665,25.685271132,626
5.0241289834,0,0,7.3574854952,6.457977922,5.8215731128,29.066830155,627
5.5760054217,0,0,6.3287882903,6.9358796975,5.8244635646,27.822152179,628
5.9621154844,1,1,6.9109003206,8.051195794,2.3975922783,21.031918699,629
5.966197355,0,1,5.8251118863,7.3272647119,4.9232252491,23.366256055,630
6.0107292082,1,1,7.0936864778,5.8485331759,4.0724098982,22.092152404,631
7.205162953,1,1,5.6365553473,5.7130463531,6.4960987877,27.220979735,632
5.9370020377,1,0,7.6422265687,5.341622375,3.885452387,23.174153812,633
8.6314644526,0,1,6.7149125888,8.3226250284,5.3481246986,16.946082224,634
6.0018756611,1,1,6.1337745314,8.100859229,4.1962796022,24.889825089,635
7.3168094619,0,0,7.0304804129,8.1239751963,3.8587728645,17.784615803,636
5.8917091885,1,1,4.8642471479,7.4336766461,3.9336696397,24.34546203,637
7.1840569313,0,1,8.8452926714,6.7216531714,3.7289086328,19.530140716,638
7.4628169102,1,0,7.8026784921,7.5968602973,3.0516562965,16.474921194,639
8.1489182031,1,0,7.3946336681,10.276136667,2.6140328723,13.47780777,640
7.851412199,0,0,5.784631413,7.5718376779,2.9577895623,13.836636725,641
6.5323983979,0,0,7.2953909857,7.2356345557,4.8079316872,23.261693205,642
5.4480041185,1,1,6.4518458997,7.0114162042,3.1554940127,24.220251478,643
7.8271174666,0,1,6.8140539873,6.740460648,3.8616949819,18.379379538,644
5.5148596481,0,0,8.0166229723,5.3904362088,2.2574238871,21.212287388,645
7.9898719833,0,1,6.8475528597,7.3168577966,5.0051843857,18.366280971,646
5.8739072252,1,1,6.7695734395,6.0534382729,4.3458870269,25.325468309,647
7.7045148409,0,0,8.3335040562,5.8031668386,3.5012484817,18.9218202,648
6.863822946,1,1,6.8099069832,7.7961767023,4.6390267453,23.387853275,649
7.9382408517,0,0,6.6697921784,4.9322012425,4.3698992884,18.632465503,650
7.0404443163,1,0,7.7695390388,7.4688588073,3.8698429742,21.081998881,651
7.3634958992,0,0,7.2504136519,7.9624816206,3.2692001087,18.767510244,652
6.0213438512,0,0,8.0087751968,7.5191136664,4.0887912941,23.009111985,653
6.4749558112,0,0,7.1211109493,7.1037674031,3.4161077353,20.021831936,654
6.2688677115,0,0,6.6522443637,8.7812630751,4.6250563325,24.506667535,655
9.8158894001,1,1,6.9561018881,7.0358754998,3.0562279927,11.257670317,656
6.6966973984,1,1,6.2596933239,6.5129046464,4.6728168697,22.886655914,657
9.6991024291,0,1,5.5458370001,6.4016857687,2.9583873738,9.7019917353,658
7.0687384508,1,0,5.0892817967,6.974147133,4.6306919159,22.599960031,659
7.0555489058,1,0,4.7769569727,7.1521407066,5.9902099569,23.537946481,660
5.7224216778,0,1,8.1837734043,6.1528385042,5.8019523001,28.243497973,661
4.5736128688,1,0,6.0680499611,7.3767350503,5.0806633718,30.309832488,662
6.7680926573,0,1,6.6729440316,7.4335827735,3.2612171256,19.692150854,663
8.6216499088,1,1,6.9663403862,8.5491861525,1.9587564873,14.554391303,664
7.6896111413,0,1,7.4886492773,6.3165652238,5.6015233519,20.997430045,665
7.0260934049,0,0,7.0674909655,6.9012175299,3.7648856168,20.031786895,666
5.9024164355,0,0,7.3369596354,8.8042261205,6.2131209498,29.312664536,667
5.7164865016,0,0,7.4330000078,7.1335561958,3.2363890217,22.109367195,668
6.4889775317,0,1,8.137488947,7.8666628917,4.3830781568,23.252339774,669
7.1651619026,1,0,7.6055583066,7.0684016336,2.9174193456,18.747046933,670
7.047836733,1,1,5.5218589525,8.3083109697,4.3914236641,21.852740727,671
8.4428472354,1,0,6.9221841325,6.4768787426,3.0102641381,14.740399219,672
6.5722978963,1,0,7.3192619297,5.6276713132,4.5896389201,23.243423483,673
8.0297134385,1,0,7.1928250606,7.2108796582,3.7194060204,19.440938521,674
6.904565939,1,1,7.9766529926,6.9579025656,3.6608434446,20.689825625,675
7.5656915662,1,1,4.3404886441,5.77471966,4.1498625382,20.499749109,676
5.6804919828,0,0,7.3747868724,6.4645670816,2.2216012099,21.008693366,677
8.1121895145,0,1,8.8291070184,8.1304150159,5.8395451932,20.800814091,678
6.8756604841,0,1,7.0972262108,7.1625228805,3.8877772454,20.70187337,679
7.0252485581,0,1,4.8133438314,8.166292913,3.8000278275,20.915451331,680
8.6429682379,0,1,7.0642377513,5.9138729711,3.6260955461,13.854058433,681
7.6677967831,0,1,7.9722209838,6.4372981598,4.2490765152,20.325542466,682
5.9982408301,1,0,6.2735210417,9.0323060329,5.669010363,28.118125775,683
8.2296312856,1,0,6.882672924,8.4150718774,5.5896779136,22.175189062,684
